epoch,mIoU,step,train/batches,train/device/batches_per_sec,train/device/samples_per_sec,train/samples,train/time,train_loss_epoch,train_loss_step,val_loss_epoch,val_loss_step,validate/batches,validate/device/batches_per_sec,validate/device/samples_per_sec,validate/samples,validate/time
0,,49,50,,,400,24.341135451570153,,,,,,,,,
0,,49,,,,,,,0.8398205637931824,,,,,,,
0,,99,100,2.909959102185714,23.27967281748571,800,41.527348540723324,,,,,,,,,
0,,99,,,,,,,0.8171795606613159,,,,,,,
0,,149,150,2.9090008434345624,23.2720067474765,1200,58.715590700507164,,,,,,,,,
0,,149,,,,,,,0.7449623346328735,,,,,,,
0,,199,200,2.8936981809838485,23.149585447870788,1600,76.10455202125013,,,,,,,,,
0,,199,,,,,,,0.5806882977485657,,,,,,,
0,,249,250,2.8776780074085333,23.021424059268266,2000,93.47498586587608,,,,,,,,,
0,,249,,,,,,,0.9087599515914917,,,,,,,
0,,299,300,2.8756421878550533,23.005137502840427,2400,110.89300464838743,,,,,,,,,
0,,299,,,,,,,0.691358208656311,,,,,,,
0,,349,350,2.8636214500223174,22.90897160017854,2800,128.42630304209888,,,,,,,,,
0,,349,,,,,,,0.7931534647941589,,,,,,,
0,,370,,,,,,0.8697792887687683,,,,,,,,
1,,399,400,2.7245822943229236,21.79665835458339,3200,147.58108024857938,,,,,,,,,
1,,399,,,,,,,0.6293478608131409,,,,,,,
1,,449,450,2.728798825940501,21.83039060752401,3600,165.07092949561775,,,,,,,,,
1,,449,,,,,,,0.44372570514678955,,,,,,,
1,,499,500,2.8720601807588877,22.9764814460711,4000,182.4214581400156,,,,,,,,,
1,,499,,,,,,,0.6532310247421265,,,,,,,
1,,549,550,2.87331759725315,22.9865407780252,4400,199.8723340127617,,,,,,,,,
1,,549,,,,,,,0.48797154426574707,,,,,,,
1,,599,600,2.8650619392745056,22.920495514196045,4800,217.3242179285735,,,,,,,,,
1,,599,,,,,,,0.6165679693222046,,,,,,,
1,,649,650,2.8706014997633504,22.964811998106804,5200,234.71489592455328,,,,,,,,,
1,,649,,,,,,,0.4016874134540558,,,,,,,
1,,699,700,2.8659263821353793,22.927411057083035,5600,252.22597072273493,,,,,,,,,
1,,699,,,,,,,0.6468898057937622,,,,,,,
1,,741,,,,,,0.6080358624458313,,,,,,,,
2,,749,750,2.6873519836773734,21.498815869418987,6000,271.92104032076895,,,,,,,,,
2,,749,,,,,,,0.45401811599731445,,,,,,,
2,,799,800,2.695199667905273,21.561597343242184,6400,289.3074752166867,,,,,,,,,
2,,799,,,,,,,0.6481780409812927,,,,,,,
2,,849,850,2.8729842982260467,22.983874385808374,6800,306.7653258126229,,,,,,,,,
2,,849,,,,,,,0.3769907057285309,,,,,,,
2,,899,900,2.8590913587202227,22.87273086976178,7200,324.2938197571784,,,,,,,,,
2,,899,,,,,,,0.4556470215320587,,,,,,,
2,,949,950,2.862347305973977,22.898778447791816,7600,341.7124564964324,,,,,,,,,
2,,949,,,,,,,0.3325074315071106,,,,,,,
2,,999,1000,2.8455263706213434,22.764210964970747,8000,359.43436810187995,,,,,,,,,
2,,999,,,,,,,0.46511751413345337,,,,,,,
2,,1049,1050,2.833570468904951,22.668563751239606,8400,376.99649297632277,,,,,,,,,
2,,1049,,,,,,,0.5541017055511475,,,,,,,
2,,1099,1100,2.847391934851423,22.779135478811384,8800,394.5481280926615,,,,,,,,,
2,,1099,,,,,,,0.4524083733558655,,,,,,,
2,,1112,,,,,,0.523670494556427,,,,,,,,
3,,1149,1150,2.696453564712669,21.571628517701352,9200,414.0567121524364,,,,,,,,,
3,,1149,,,,,,,0.4003422260284424,,,,,,,
3,,1199,1200,2.703469101165385,21.62775280932308,9600,431.5104536153376,,,,,,,,,
3,,1199,,,,,,,0.6224015355110168,,,,,,,
3,,1249,1250,2.859047790686703,22.872382325493625,10000,449.0529036987573,,,,,,,,,
3,,1249,,,,,,,0.3911808133125305,,,,,,,
3,,1299,1300,2.8679698398526883,22.943758718821506,10400,466.37648232094944,,,,,,,,,
3,,1299,,,,,,,0.7392628192901611,,,,,,,
3,,1349,1350,2.8611199209763223,22.88895936781058,10800,484.0019431784749,,,,,,,,,
3,,1349,,,,,,,0.41426077485084534,,,,,,,
3,,1399,1400,2.8363703508154483,22.690962806523586,11200,501.6441594157368,,,,,,,,,
3,,1399,,,,,,,0.39340001344680786,,,,,,,
3,,1449,1450,2.8304634870411056,22.643707896328845,11600,519.3456717282534,,,,,,,,,
3,,1449,,,,,,,0.5738058090209961,,,,,,,
3,,1483,,,,,,0.48133060336112976,,,,,,,,
4,,1499,1500,2.6555357488372637,21.24428599069811,12000,539.273285465315,,,,,,,,,
4,,1499,,,,,,,0.6635284423828125,,,,,,,
4,,1549,1550,2.6601679687528383,21.281343750022707,12400,556.9078960567713,,,,,,,,,
4,,1549,,,,,,,0.39717212319374084,,,,,,,
4,,1599,1600,2.8463342890761587,22.77067431260927,12800,574.4066229443997,,,,,,,,,
4,,1599,,,,,,,0.666500985622406,,,,,,,
4,,1649,1650,2.8509372574739285,22.807498059791428,13200,592.0003161691129,,,,,,,,,
4,,1649,,,,,,,0.3771793842315674,,,,,,,
4,,1699,1700,2.833361520001567,22.666892160012537,13600,609.6961318757385,,,,,,,,,
4,,1699,,,,,,,0.4244764447212219,,,,,,,
4,,1749,1750,2.837608792621322,22.700870340970575,14000,627.2368423715234,,,,,,,,,
4,,1749,,,,,,,0.4545246958732605,,,,,,,
4,,1799,1800,2.8500783655479127,22.8006269243833,14400,644.779228579253,,,,,,,,,
4,,1799,,,,,,,0.3124866485595703,,,,,,,
4,,1849,1850,2.846361765986104,22.77089412788883,14800,662.3794960007071,,,,,,,,,
4,,1849,,,,,,,0.3192146122455597,,,,,,,
,,0,,,,,,,,,0.7398735284805298,,,,,
,,1,,,,,,,,,0.3218095302581787,,,,,
,,2,,,,,,,,,0.3592357635498047,,,,,
,,3,,,,,,,,,0.3796316087245941,,,,,
,,4,,,,,,,,,0.27510273456573486,,,,,
,,5,,,,,,,,,0.3644126057624817,,,,,
,,6,,,,,,,,,0.47530022263526917,,,,,
,,7,,,,,,,,,0.38320642709732056,,,,,
,,8,,,,,,,,,0.36762726306915283,,,,,
,,9,,,,,,,,,0.6605094075202942,,,,,
,,10,,,,,,,,,0.31756898760795593,,,,,
,,11,,,,,,,,,0.6876346468925476,,,,,
,,12,,,,,,,,,0.43595215678215027,,,,,
,,13,,,,,,,,,0.5084253549575806,,,,,
,,14,,,,,,,,,0.7988739013671875,,,,,
,,15,,,,,,,,,0.4869803786277771,,,,,
,,16,,,,,,,,,0.5096299052238464,,,,,
,,17,,,,,,,,,0.5249965786933899,,,,,
,,18,,,,,,,,,0.6484918594360352,,,,,
,,19,,,,,,,,,0.617960512638092,,,,,
,,20,,,,,,,,,0.53550124168396,,,,,
,,21,,,,,,,,,1.5987838506698608,,,,,
,,22,,,,,,,,,0.630282461643219,,,,,
,,23,,,,,,,,,0.6788638234138489,,,,,
,,24,,,,,,,,,1.5989155769348145,,,,,
,,25,,,,,,,,,0.5423903465270996,,,,,
,,26,,,,,,,,,0.7050270438194275,,,,,
,,27,,,,,,,,,0.6073724031448364,,,,,
,,28,,,,,,,,,1.2755948305130005,,,,,
,,29,,,,,,,,,0.9933306574821472,,,,,
,,30,,,,,,,,,0.5549131035804749,,,,,
,,31,,,,,,,,,0.5352794528007507,,,,,
,,32,,,,,,,,,0.3665827810764313,,,,,
,,33,,,,,,,,,0.6960042715072632,,,,,
,,34,,,,,,,,,0.5579583644866943,,,,,
,,35,,,,,,,,,0.49215251207351685,,,,,
,,36,,,,,,,,,0.47974157333374023,,,,,
,,37,,,,,,,,,0.9736610054969788,,,,,
,,38,,,,,,,,,0.7324986457824707,,,,,
,,39,,,,,,,,,0.3314151465892792,,,,,
,,40,,,,,,,,,0.9121732115745544,,,,,
,,41,,,,,,,,,0.5482243895530701,,,,,
,,42,,,,,,,,,0.5638439655303955,,,,,
,,43,,,,,,,,,0.4373546242713928,,,,,
,,44,,,,,,,,,0.5664348602294922,,,,,
,,45,,,,,,,,,0.5261949896812439,,,,,
,,46,,,,,,,,,0.6422702074050903,,,,,
,,47,,,,,,,,,0.3399580419063568,,,,,
,,48,,,,,,,,,0.5339063405990601,,,,,
,,50,,,,,,,,,,50,,,50,12.510260850191116
,,49,,,,,,,,,0.5182021856307983,,,,,
,,50,,,,,,,,,0.6035488843917847,,,,,
,,51,,,,,,,,,1.1247764825820923,,,,,
,,52,,,,,,,,,0.7825683355331421,,,,,
,,53,,,,,,,,,0.8856607675552368,,,,,
,,54,,,,,,,,,0.7207167148590088,,,,,
,,55,,,,,,,,,0.6811425685882568,,,,,
,,56,,,,,,,,,0.4590831696987152,,,,,
,,57,,,,,,,,,0.8136355876922607,,,,,
,,58,,,,,,,,,0.4354288578033447,,,,,
,,59,,,,,,,,,0.46060165762901306,,,,,
,,60,,,,,,,,,0.9957423806190491,,,,,
,,61,,,,,,,,,0.9519473910331726,,,,,
,,62,,,,,,,,,0.5591264367103577,,,,,
,,63,,,,,,,,,0.9012336134910583,,,,,
,,64,,,,,,,,,0.8592748045921326,,,,,
,,65,,,,,,,,,0.6656079292297363,,,,,
,,66,,,,,,,,,0.9675421714782715,,,,,
,,67,,,,,,,,,0.9457003474235535,,,,,
,,68,,,,,,,,,0.5946592092514038,,,,,
,,69,,,,,,,,,0.4097578227519989,,,,,
,,70,,,,,,,,,0.4760741591453552,,,,,
,,71,,,,,,,,,0.35215118527412415,,,,,
,,72,,,,,,,,,0.5295390486717224,,,,,
,,73,,,,,,,,,0.5891073942184448,,,,,
,,74,,,,,,,,,1.2771042585372925,,,,,
,,75,,,,,,,,,0.7805926203727722,,,,,
,,76,,,,,,,,,0.41273415088653564,,,,,
,,77,,,,,,,,,0.663579523563385,,,,,
,,78,,,,,,,,,1.083830714225769,,,,,
,,79,,,,,,,,,0.6988613605499268,,,,,
,,80,,,,,,,,,0.9798235893249512,,,,,
,,81,,,,,,,,,0.7574601769447327,,,,,
,,82,,,,,,,,,0.7828386425971985,,,,,
,,83,,,,,,,,,1.422118902206421,,,,,
,,84,,,,,,,,,2.181948184967041,,,,,
,,85,,,,,,,,,0.6213186979293823,,,,,
,,86,,,,,,,,,0.7871195673942566,,,,,
,,87,,,,,,,,,0.4779129922389984,,,,,
,,88,,,,,,,,,0.9218772053718567,,,,,
,,89,,,,,,,,,0.6965740919113159,,,,,
,,90,,,,,,,,,0.6014664769172668,,,,,
,,91,,,,,,,,,1.237571120262146,,,,,
,,92,,,,,,,,,0.41176027059555054,,,,,
,,93,,,,,,,,,0.4413229823112488,,,,,
,,94,,,,,,,,,0.2356863170862198,,,,,
,,95,,,,,,,,,0.6759526133537292,,,,,
,,96,,,,,,,,,0.9188442826271057,,,,,
,,97,,,,,,,,,0.6882574558258057,,,,,
,,98,,,,,,,,,1.0013279914855957,,,,,
,,100,,,,,,,,,,100,4.208328304886817,4.208328304886817,100,24.347299424931407
,,99,,,,,,,,,1.0113061666488647,,,,,
,,100,,,,,,,,,2.0213770866394043,,,,,
,,101,,,,,,,,,0.6484242677688599,,,,,
,,102,,,,,,,,,0.8068448305130005,,,,,
,,103,,,,,,,,,0.44050726294517517,,,,,
,,104,,,,,,,,,0.4502089321613312,,,,,
,,105,,,,,,,,,0.4273254871368408,,,,,
,,106,,,,,,,,,0.3614782989025116,,,,,
,,107,,,,,,,,,0.6261223554611206,,,,,
,,108,,,,,,,,,0.5261014699935913,,,,,
,,109,,,,,,,,,0.9070680737495422,,,,,
,,110,,,,,,,,,0.5366063714027405,,,,,
,,111,,,,,,,,,0.6683390736579895,,,,,
,,112,,,,,,,,,0.8787264823913574,,,,,
,,113,,,,,,,,,0.9587701559066772,,,,,
,,114,,,,,,,,,0.2915132939815521,,,,,
,,115,,,,,,,,,0.5681101679801941,,,,,
,,116,,,,,,,,,0.7587850689888,,,,,
,,117,,,,,,,,,0.7182313799858093,,,,,
,,118,,,,,,,,,1.1372352838516235,,,,,
,,119,,,,,,,,,0.536291241645813,,,,,
,,120,,,,,,,,,0.43306803703308105,,,,,
,,121,,,,,,,,,0.6890038847923279,,,,,
,,122,,,,,,,,,0.5101198554039001,,,,,
,,123,,,,,,,,,0.7844620943069458,,,,,
,,124,,,,,,,,,0.855659008026123,,,,,
,,125,,,,,,,,,1.6446924209594727,,,,,
,,126,,,,,,,,,1.1918795108795166,,,,,
,,127,,,,,,,,,0.25913330912590027,,,,,
,,128,,,,,,,,,0.5875076055526733,,,,,
,,129,,,,,,,,,0.2938375473022461,,,,,
,,130,,,,,,,,,0.7669925689697266,,,,,
,,131,,,,,,,,,0.47038811445236206,,,,,
,,132,,,,,,,,,0.3740050792694092,,,,,
,,133,,,,,,,,,0.3174062967300415,,,,,
,,134,,,,,,,,,0.6223502159118652,,,,,
,,135,,,,,,,,,0.2282283455133438,,,,,
,,136,,,,,,,,,0.48859500885009766,,,,,
,,137,,,,,,,,,1.0794506072998047,,,,,
,,138,,,,,,,,,1.5144542455673218,,,,,
,,139,,,,,,,,,0.6820170283317566,,,,,
,,140,,,,,,,,,0.9746845364570618,,,,,
,,141,,,,,,,,,0.3932078778743744,,,,,
,,142,,,,,,,,,0.4474075734615326,,,,,
,,143,,,,,,,,,0.637300968170166,,,,,
,,144,,,,,,,,,0.6319721341133118,,,,,
,,145,,,,,,,,,0.7668503522872925,,,,,
,,146,,,,,,,,,0.380279541015625,,,,,
,,147,,,,,,,,,0.4410662353038788,,,,,
,,148,,,,,,,,,0.7136095762252808,,,,,
,,150,,,,,,,,,,150,4.2459275244496935,4.2459275244496935,150,36.01873789727688
,,149,,,,,,,,,0.5143216252326965,,,,,
,,150,,,,,,,,,0.5677730441093445,,,,,
,,151,,,,,,,,,0.48084375262260437,,,,,
,,152,,,,,,,,,0.836161196231842,,,,,
,,153,,,,,,,,,0.35237622261047363,,,,,
,,154,,,,,,,,,1.2463271617889404,,,,,
,,155,,,,,,,,,0.4129188656806946,,,,,
,,156,,,,,,,,,0.6891270279884338,,,,,
,,157,,,,,,,,,0.8492577075958252,,,,,
,,158,,,,,,,,,0.6592998504638672,,,,,
,,159,,,,,,,,,0.47512826323509216,,,,,
,,160,,,,,,,,,0.6323243379592896,,,,,
,,161,,,,,,,,,0.7867306470870972,,,,,
,,162,,,,,,,,,0.6457686424255371,,,,,
,,163,,,,,,,,,0.7622337937355042,,,,,
,,164,,,,,,,,,0.5412254929542542,,,,,
,,165,,,,,,,,,0.34385204315185547,,,,,
,,166,,,,,,,,,0.30962494015693665,,,,,
,,167,,,,,,,,,0.35761523246765137,,,,,
,,168,,,,,,,,,0.5869331955909729,,,,,
,,169,,,,,,,,,0.43580684065818787,,,,,
,,170,,,,,,,,,0.44701969623565674,,,,,
,,171,,,,,,,,,1.1021064519882202,,,,,
,,172,,,,,,,,,0.35709333419799805,,,,,
,,173,,,,,,,,,0.34947919845581055,,,,,
,,174,,,,,,,,,1.131523609161377,,,,,
,,175,,,,,,,,,1.0174211263656616,,,,,
,,176,,,,,,,,,0.9234915971755981,,,,,
,,177,,,,,,,,,0.7060243487358093,,,,,
,,178,,,,,,,,,2.0545060634613037,,,,,
,,179,,,,,,,,,0.6332930326461792,,,,,
,,180,,,,,,,,,0.4053495228290558,,,,,
,,181,,,,,,,,,0.23659305274486542,,,,,
,,182,,,,,,,,,0.3712267577648163,,,,,
,,183,,,,,,,,,0.29309120774269104,,,,,
,,184,,,,,,,,,0.5730411410331726,,,,,
,,185,,,,,,,,,0.5769446492195129,,,,,
,,186,,,,,,,,,0.4430539011955261,,,,,
,,187,,,,,,,,,0.6045033931732178,,,,,
,,188,,,,,,,,,0.5854760408401489,,,,,
,,189,,,,,,,,,0.3668633699417114,,,,,
,,190,,,,,,,,,0.5961591601371765,,,,,
,,191,,,,,,,,,0.991997241973877,,,,,
,,192,,,,,,,,,1.0064178705215454,,,,,
,,193,,,,,,,,,0.9060983657836914,,,,,
,,194,,,,,,,,,0.848889172077179,,,,,
,,195,,,,,,,,,1.0180619955062866,,,,,
,,196,,,,,,,,,0.5193581581115723,,,,,
,,197,,,,,,,,,0.6046590805053711,,,,,
,,198,,,,,,,,,0.4880456328392029,,,,,
,,200,,,,,,,,,,200,4.179671858060672,4.179671858060672,200,48.26327172294259
,,199,,,,,,,,,0.624846339225769,,,,,
,,200,,,,,,,,,0.8927331566810608,,,,,
,,201,,,,,,,,,0.5382415652275085,,,,,
,,202,,,,,,,,,0.3545452356338501,,,,,
,,203,,,,,,,,,0.3906743824481964,,,,,
,,204,,,,,,,,,0.4106754958629608,,,,,
,,205,,,,,,,,,0.7013769745826721,,,,,
,,206,,,,,,,,,0.4444352090358734,,,,,
,,207,,,,,,,,,0.9148917198181152,,,,,
,,208,,,,,,,,,0.24739961326122284,,,,,
,,209,,,,,,,,,0.32359591126441956,,,,,
,,210,,,,,,,,,0.5372010469436646,,,,,
,,211,,,,,,,,,0.8601781129837036,,,,,
,,212,,,,,,,,,0.7688652276992798,,,,,
,,213,,,,,,,,,1.0163424015045166,,,,,
,,214,,,,,,,,,0.5051417350769043,,,,,
,,215,,,,,,,,,0.46363723278045654,,,,,
,,216,,,,,,,,,0.2327178567647934,,,,,
,,217,,,,,,,,,0.748557984828949,,,,,
,,218,,,,,,,,,0.49232354760169983,,,,,
,,219,,,,,,,,,0.7981018424034119,,,,,
,,220,,,,,,,,,1.0139508247375488,,,,,
,,221,,,,,,,,,0.5296880602836609,,,,,
,,222,,,,,,,,,0.2273237109184265,,,,,
,,223,,,,,,,,,0.37287500500679016,,,,,
,,224,,,,,,,,,0.23546889424324036,,,,,
,,225,,,,,,,,,0.3139719069004059,,,,,
,,226,,,,,,,,,0.638016939163208,,,,,
,,227,,,,,,,,,0.6113964319229126,,,,,
,,228,,,,,,,,,1.381964087486267,,,,,
,,229,,,,,,,,,1.1003834009170532,,,,,
,,230,,,,,,,,,1.159613013267517,,,,,
,,231,,,,,,,,,0.7008630037307739,,,,,
,,232,,,,,,,,,0.3591577112674713,,,,,
,,233,,,,,,,,,0.34443265199661255,,,,,
,,234,,,,,,,,,0.5074847340583801,,,,,
,,235,,,,,,,,,0.38097184896469116,,,,,
,,236,,,,,,,,,0.48559311032295227,,,,,
,,237,,,,,,,,,0.3876732587814331,,,,,
,,238,,,,,,,,,0.8716337084770203,,,,,
,,239,,,,,,,,,0.9177313446998596,,,,,
,,240,,,,,,,,,0.6622475981712341,,,,,
,,241,,,,,,,,,0.39133697748184204,,,,,
,,242,,,,,,,,,0.4340263605117798,,,,,
,,243,,,,,,,,,0.2512146830558777,,,,,
,,244,,,,,,,,,0.3597831726074219,,,,,
,,245,,,,,,,,,0.7343481779098511,,,,,
,,246,,,,,,,,,0.5244454741477966,,,,,
,,247,,,,,,,,,0.9819023609161377,,,,,
,,248,,,,,,,,,0.33771756291389465,,,,,
,,250,,,,,,,,,,250,4.3521134672804695,4.3521134672804695,250,58.97301249951124
,,249,,,,,,,,,0.36154142022132874,,,,,
,,250,,,,,,,,,0.35371747612953186,,,,,
,,251,,,,,,,,,0.3538617789745331,,,,,
,,252,,,,,,,,,0.9812232255935669,,,,,
,,253,,,,,,,,,0.5193542242050171,,,,,
,,254,,,,,,,,,0.32505449652671814,,,,,
,,255,,,,,,,,,0.3718009889125824,,,,,
,,256,,,,,,,,,0.9171872735023499,,,,,
,,257,,,,,,,,,1.3708432912826538,,,,,
,,258,,,,,,,,,0.5614147186279297,,,,,
,,259,,,,,,,,,0.5715962648391724,,,,,
,,260,,,,,,,,,0.41583436727523804,,,,,
,,261,,,,,,,,,0.958208441734314,,,,,
,,262,,,,,,,,,1.5950838327407837,,,,,
,,263,,,,,,,,,0.6571018099784851,,,,,
,,264,,,,,,,,,0.6181323528289795,,,,,
,,265,,,,,,,,,0.4219638407230377,,,,,
,,266,,,,,,,,,0.47866156697273254,,,,,
,,267,,,,,,,,,0.5491525530815125,,,,,
,,268,,,,,,,,,1.630552053451538,,,,,
,,269,,,,,,,,,1.0137460231781006,,,,,
,,270,,,,,,,,,0.4464462697505951,,,,,
,,271,,,,,,,,,0.43305766582489014,,,,,
,,272,,,,,,,,,0.37008538842201233,,,,,
,,273,,,,,,,,,0.6724897027015686,,,,,
,,274,,,,,,,,,0.38667669892311096,,,,,
,,275,,,,,,,,,0.35061848163604736,,,,,
,,276,,,,,,,,,1.1500442028045654,,,,,
,,277,,,,,,,,,1.5374282598495483,,,,,
,,278,,,,,,,,,1.897807002067566,,,,,
,,279,,,,,,,,,1.5583629608154297,,,,,
,,280,,,,,,,,,0.4846847951412201,,,,,
,,281,,,,,,,,,1.0960016250610352,,,,,
,,282,,,,,,,,,0.6196339130401611,,,,,
,,283,,,,,,,,,1.6920034885406494,,,,,
,,284,,,,,,,,,0.8958525061607361,,,,,
,,285,,,,,,,,,1.2849705219268799,,,,,
,,286,,,,,,,,,0.9591710567474365,,,,,
,,287,,,,,,,,,1.03092360496521,,,,,
,,288,,,,,,,,,1.2925963401794434,,,,,
,,289,,,,,,,,,1.7363044023513794,,,,,
,,290,,,,,,,,,1.1791406869888306,,,,,
,,291,,,,,,,,,0.9937301874160767,,,,,
,,292,,,,,,,,,1.1030900478363037,,,,,
,,293,,,,,,,,,0.7027947902679443,,,,,
,,294,,,,,,,,,0.6905842423439026,,,,,
,,295,,,,,,,,,0.600092351436615,,,,,
,,296,,,,,,,,,1.5802876949310303,,,,,
,,297,,,,,,,,,0.7215890288352966,,,,,
,,298,,,,,,,,,1.277490258216858,,,,,
,,300,,,,,,,,,,300,4.51804996211128,4.51804996211128,300,70.3673759251833
,,299,,,,,,,,,0.38338375091552734,,,,,
,,300,,,,,,,,,0.4010530114173889,,,,,
,,301,,,,,,,,,0.7980279326438904,,,,,
,,302,,,,,,,,,0.6800631880760193,,,,,
,,303,,,,,,,,,0.9675057530403137,,,,,
,,304,,,,,,,,,0.5918968915939331,,,,,
,,305,,,,,,,,,0.5613921880722046,,,,,
,,306,,,,,,,,,0.5549985766410828,,,,,
,,307,,,,,,,,,2.1387722492218018,,,,,
,,308,,,,,,,,,0.5088223218917847,,,,,
,,309,,,,,,,,,0.5617275834083557,,,,,
,,310,,,,,,,,,0.9912610054016113,,,,,
,,311,,,,,,,,,0.37103351950645447,,,,,
,,312,,,,,,,,,3.8700387477874756,,,,,
,,313,,,,,,,,,1.5359681844711304,,,,,
,,314,,,,,,,,,3.4752955436706543,,,,,
,,315,,,,,,,,,1.9450840950012207,,,,,
,,316,,,,,,,,,1.3777958154678345,,,,,
,,317,,,,,,,,,1.7682526111602783,,,,,
,,318,,,,,,,,,0.9731820225715637,,,,,
,,319,,,,,,,,,2.3149070739746094,,,,,
,,320,,,,,,,,,0.7024174332618713,,,,,
,,321,,,,,,,,,0.6426699757575989,,,,,
,,322,,,,,,,,,0.4972164034843445,,,,,
,,323,,,,,,,,,0.591048538684845,,,,,
,,324,,,,,,,,,0.895572304725647,,,,,
,,325,,,,,,,,,0.6547800302505493,,,,,
,,326,,,,,,,,,0.5055256485939026,,,,,
,,327,,,,,,,,,0.21001240611076355,,,,,
,,328,,,,,,,,,0.462332159280777,,,,,
,,329,,,,,,,,,0.3155940771102905,,,,,
,,330,,,,,,,,,0.4764513075351715,,,,,
,,331,,,,,,,,,0.42014411091804504,,,,,
,,332,,,,,,,,,0.37421444058418274,,,,,
,,333,,,,,,,,,0.5590072870254517,,,,,
,,334,,,,,,,,,0.24894317984580994,,,,,
,,335,,,,,,,,,0.32260772585868835,,,,,
,,336,,,,,,,,,0.4767910838127136,,,,,
,,337,,,,,,,,,0.3353300094604492,,,,,
,,338,,,,,,,,,0.6508514285087585,,,,,
,,339,,,,,,,,,0.4519163966178894,,,,,
,,340,,,,,,,,,0.281375527381897,,,,,
,,341,,,,,,,,,0.43696433305740356,,,,,
,,342,,,,,,,,,0.17748968303203583,,,,,
,,343,,,,,,,,,0.25256675481796265,,,,,
,,344,,,,,,,,,0.40834808349609375,,,,,
,,345,,,,,,,,,0.3813972771167755,,,,,
,,346,,,,,,,,,0.2860969007015228,,,,,
,,347,,,,,,,,,0.39912378787994385,,,,,
,,348,,,,,,,,,0.4520943760871887,,,,,
,,350,,,,,,,,,,350,4.347543937606503,4.347543937606503,350,81.93771202117205
,,349,,,,,,,,,0.6458277702331543,,,,,
,,350,,,,,,,,,0.30817288160324097,,,,,
,,351,,,,,,,,,0.3159864544868469,,,,,
,,352,,,,,,,,,0.7897672057151794,,,,,
,,353,,,,,,,,,0.28151318430900574,,,,,
,,354,,,,,,,,,0.25317150354385376,,,,,
,,355,,,,,,,,,0.424122154712677,,,,,
,,356,,,,,,,,,0.43561774492263794,,,,,
,,357,,,,,,,,,0.4442424774169922,,,,,
,,358,,,,,,,,,0.5104776620864868,,,,,
,,359,,,,,,,,,0.44015201926231384,,,,,
,,360,,,,,,,,,1.0284168720245361,,,,,
,,361,,,,,,,,,1.415174961090088,,,,,
,,362,,,,,,,,,0.6371748447418213,,,,,
,,363,,,,,,,,,0.20704074203968048,,,,,
,,364,,,,,,,,,0.6560736894607544,,,,,
,,365,,,,,,,,,0.33932921290397644,,,,,
,,366,,,,,,,,,0.9097433090209961,,,,,
,,367,,,,,,,,,0.28707244992256165,,,,,
,,368,,,,,,,,,0.31128209829330444,,,,,
,,369,,,,,,,,,0.3498658537864685,,,,,
,,370,,,,,,,,,0.4157872498035431,,,,,
,,371,,,,,,,,,0.39165446162223816,,,,,
,,372,,,,,,,,,0.7296186089515686,,,,,
,,373,,,,,,,,,0.5712514519691467,,,,,
,,374,,,,,,,,,0.6555954813957214,,,,,
,,375,,,,,,,,,0.3734806776046753,,,,,
,,376,,,,,,,,,0.4588067829608917,,,,,
,,377,,,,,,,,,0.5248383283615112,,,,,
,,378,,,,,,,,,0.5752623677253723,,,,,
,,379,,,,,,,,,0.5815172791481018,,,,,
,,380,,,,,,,,,0.33329707384109497,,,,,
,,381,,,,,,,,,0.5686044096946716,,,,,
,,382,,,,,,,,,0.43308746814727783,,,,,
,,383,,,,,,,,,0.48769697546958923,,,,,
,,384,,,,,,,,,0.36180394887924194,,,,,
,,385,,,,,,,,,0.908464789390564,,,,,
,,386,,,,,,,,,0.5960183143615723,,,,,
,,387,,,,,,,,,0.47198861837387085,,,,,
,,388,,,,,,,,,0.7850655317306519,,,,,
,,389,,,,,,,,,0.9487399458885193,,,,,
,,390,,,,,,,,,0.8128240704536438,,,,,
,,391,,,,,,,,,0.5108466744422913,,,,,
,,392,,,,,,,,,0.24181216955184937,,,,,
,,393,,,,,,,,,0.24807368218898773,,,,,
,,394,,,,,,,,,0.3776930570602417,,,,,
,,395,,,,,,,,,0.31041014194488525,,,,,
,,396,,,,,,,,,0.7127049565315247,,,,,
,,397,,,,,,,,,0.3550230860710144,,,,,
,,398,,,,,,,,,0.360891193151474,,,,,
,,400,,,,,,,,,,400,4.41571502588048,4.41571502588048,400,93.20081998966634
,,399,,,,,,,,,0.18932561576366425,,,,,
,,400,,,,,,,,,0.38428643345832825,,,,,
,,401,,,,,,,,,0.3118305206298828,,,,,
,,402,,,,,,,,,0.46096453070640564,,,,,
,,403,,,,,,,,,0.3377338945865631,,,,,
,,404,,,,,,,,,0.7537825703620911,,,,,
,,405,,,,,,,,,0.5122268199920654,,,,,
,,406,,,,,,,,,0.3680024743080139,,,,,
,,407,,,,,,,,,0.2812585234642029,,,,,
,,408,,,,,,,,,0.2631474733352661,,,,,
,,409,,,,,,,,,0.5700836181640625,,,,,
,,410,,,,,,,,,0.6330298185348511,,,,,
,,411,,,,,,,,,0.4584420919418335,,,,,
,,412,,,,,,,,,0.36960509419441223,,,,,
,,413,,,,,,,,,0.2033691704273224,,,,,
,,414,,,,,,,,,0.3852161467075348,,,,,
,,415,,,,,,,,,0.3431839048862457,,,,,
,,416,,,,,,,,,0.3946993947029114,,,,,
,,417,,,,,,,,,0.6704027652740479,,,,,
,,418,,,,,,,,,0.24647566676139832,,,,,
,,419,,,,,,,,,0.35914719104766846,,,,,
,,420,,,,,,,,,0.43942004442214966,,,,,
,,421,,,,,,,,,0.6468192338943481,,,,,
,,422,,,,,,,,,0.30079221725463867,,,,,
,,423,,,,,,,,,0.5466626286506653,,,,,
,,424,,,,,,,,,0.21274882555007935,,,,,
,,425,,,,,,,,,0.18096791207790375,,,,,
,,426,,,,,,,,,0.2921736538410187,,,,,
,,427,,,,,,,,,0.30481594800949097,,,,,
,,428,,,,,,,,,0.49162545800209045,,,,,
,,429,,,,,,,,,0.36159831285476685,,,,,
,,430,,,,,,,,,0.3458680510520935,,,,,
,,431,,,,,,,,,0.38131052255630493,,,,,
,,432,,,,,,,,,0.4041423201560974,,,,,
,,433,,,,,,,,,0.3689552843570709,,,,,
,,434,,,,,,,,,0.31158247590065,,,,,
,,435,,,,,,,,,0.41917726397514343,,,,,
,,436,,,,,,,,,0.32653072476387024,,,,,
,,437,,,,,,,,,0.5807522535324097,,,,,
,,438,,,,,,,,,0.450920045375824,,,,,
,,439,,,,,,,,,0.4587401747703552,,,,,
,,440,,,,,,,,,0.582099199295044,,,,,
,,441,,,,,,,,,0.40206819772720337,,,,,
,,442,,,,,,,,,0.6051270961761475,,,,,
,,443,,,,,,,,,0.30978524684906006,,,,,
,,444,,,,,,,,,0.23339097201824188,,,,,
,,445,,,,,,,,,1.0116338729858398,,,,,
,,446,,,,,,,,,0.31594568490982056,,,,,
,,447,,,,,,,,,0.3257327973842621,,,,,
,,448,,,,,,,,,0.3504481911659241,,,,,
,,450,,,,,,,,,,450,4.544347076518033,4.544347076518033,450,104.04961538687348
,,449,,,,,,,,,0.6103222370147705,,,,,
,,450,,,,,,,,,0.38568785786628723,,,,,
,,451,,,,,,,,,0.6648787260055542,,,,,
,,452,,,,,,,,,0.71217280626297,,,,,
,,453,,,,,,,,,0.44524064660072327,,,,,
,,454,,,,,,,,,0.8114935755729675,,,,,
,,455,,,,,,,,,0.4771580100059509,,,,,
,,456,,,,,,,,,0.9843945503234863,,,,,
,,457,,,,,,,,,0.7283260822296143,,,,,
,,458,,,,,,,,,0.6583115458488464,,,,,
,,459,,,,,,,,,1.0367823839187622,,,,,
,,460,,,,,,,,,0.7923372983932495,,,,,
,,461,,,,,,,,,0.4017869830131531,,,,,
,,462,,,,,,,,,0.5060559511184692,,,,,
,,463,,,,,,,,,0.4576658606529236,,,,,
,,464,,,,,,,,,0.5392426252365112,,,,,
,,465,,,,,,,,,0.7579980492591858,,,,,
,,466,,,,,,,,,0.5799933671951294,,,,,
,,467,,,,,,,,,0.7464420199394226,,,,,
,,468,,,,,,,,,0.5654160380363464,,,,,
,,469,,,,,,,,,0.8559883832931519,,,,,
,,470,,,,,,,,,0.6838380694389343,,,,,
,,471,,,,,,,,,0.519818127155304,,,,,
,,472,,,,,,,,,0.46313968300819397,,,,,
,,473,,,,,,,,,0.5144957304000854,,,,,
,,474,,,,,,,,,0.4851926267147064,,,,,
,,475,,,,,,,,,0.7315804958343506,,,,,
,,476,,,,,,,,,0.6879568696022034,,,,,
,,477,,,,,,,,,0.4367887079715729,,,,,
,,478,,,,,,,,,0.5519524216651917,,,,,
,,479,,,,,,,,,0.37280404567718506,,,,,
,,480,,,,,,,,,0.74863600730896,,,,,
,,481,,,,,,,,,0.3502574861049652,,,,,
,,482,,,,,,,,,0.4434685707092285,,,,,
,,483,,,,,,,,,0.5561771988868713,,,,,
,,484,,,,,,,,,0.5936490297317505,,,,,
,,485,,,,,,,,,1.4350991249084473,,,,,
,,486,,,,,,,,,0.375331848859787,,,,,
,,487,,,,,,,,,0.8024343252182007,,,,,
,,488,,,,,,,,,0.3805775046348572,,,,,
,,489,,,,,,,,,0.5219631791114807,,,,,
,,490,,,,,,,,,0.4796915352344513,,,,,
,,491,,,,,,,,,0.27019003033638,,,,,
,,492,,,,,,,,,0.2758883535861969,,,,,
,,493,,,,,,,,,0.7438516020774841,,,,,
,,494,,,,,,,,,0.2832458019256592,,,,,
,,495,,,,,,,,,0.3384976089000702,,,,,
,,496,,,,,,,,,0.3691248893737793,,,,,
,,497,,,,,,,,,0.5117815136909485,,,,,
,,498,,,,,,,,,0.28876936435699463,,,,,
,,500,,,,,,,,,,500,4.579572245223831,4.579572245223831,500,115.0445914529264
,,499,,,,,,,,,0.8883504867553711,,,,,
4,0.2829973101615906,1854,,,,,,,,0.6484588980674744,,,,,,
4,,1854,,,,,,0.4502599537372589,,,,,,,,
5,,1899,1900,0.0018425011413427904,0.014740009130742323,15200,54376.43481087126,,,,,,,,,
5,,1899,,,,,,,0.34218448400497437,,,,,,,
5,,1949,1950,0.0018425121717723634,0.014740097374178907,15600,54393.7242344562,,,,,,,,,
5,,1949,,,,,,,0.3310867249965668,,,,,,,
5,,1999,2000,2.894940109982135,23.15952087985708,16000,54410.990777725354,,,,,,,,,
5,,1999,,,,,,,0.28949031233787537,,,,,,,
5,,2049,2050,2.893216986204319,23.14573588963455,16400,54428.31385437213,,,,,,,,,
5,,2049,,,,,,,0.35218381881713867,,,,,,,
5,,2099,2100,2.890914362876653,23.127314903013225,16800,54445.59509719908,,,,,,,,,
5,,2099,,,,,,,0.39791935682296753,,,,,,,
5,,2149,2150,2.8833295840204256,23.066636672163405,17200,54462.99559796974,,,,,,,,,
5,,2149,,,,,,,0.9864743947982788,,,,,,,
5,,2199,2200,2.858121920790341,22.864975366322728,17600,54480.58138869703,,,,,,,,,
5,,2199,,,,,,,0.2706603705883026,,,,,,,
5,,2225,,,,,,0.43158283829689026,,,,,,,,
6,,2249,2250,2.6874071693806556,21.499257355045245,18000,54500.18005694635,,,,,,,,,
6,,2249,,,,,,,0.5594500303268433,,,,,,,
6,,2299,2300,2.7017809069851335,21.614247255881068,18400,54517.589314602315,,,,,,,,,
6,,2299,,,,,,,0.38078752160072327,,,,,,,
6,,2349,2350,2.871583655021533,22.972669240172262,18800,54535.00394082628,,,,,,,,,
6,,2349,,,,,,,0.43825244903564453,,,,,,,
6,,2399,2400,2.849803701082763,22.798429608662104,19200,54552.67740707472,,,,,,,,,
6,,2399,,,,,,,0.3038029372692108,,,,,,,
6,,2449,2450,2.8474230465896064,22.77938437271685,19600,54570.143493006006,,,,,,,,,
6,,2449,,,,,,,0.4885009229183197,,,,,,,
6,,2499,2500,2.8689442805533965,22.95155424442717,20000,54587.567580491304,,,,,,,,,
6,,2499,,,,,,,0.40046533942222595,,,,,,,
6,,2549,2550,2.8692982167099212,22.95438573367937,20400,54605.00696113333,,,,,,,,,
6,,2549,,,,,,,0.4635409414768219,,,,,,,
6,,2596,,,,,,0.40590935945510864,,,,,,,,
7,,2599,2600,2.66359500233009,21.30876001864072,20800,54625.0945097208,,,,,,,,,
7,,2599,,,,,,,0.34651994705200195,,,,,,,
7,,2649,2650,2.6620218854207613,21.29617508336609,21200,54642.543149901554,,,,,,,,,
7,,2649,,,,,,,0.4494623839855194,,,,,,,
7,,2699,2700,2.8669608200328165,22.935686560262532,21600,54659.988179458305,,,,,,,,,
7,,2699,,,,,,,0.39112162590026855,,,,,,,
7,,2749,2750,2.8434780533403736,22.74782442672299,22000,54677.70541128144,,,,,,,,,
7,,2749,,,,,,,0.32727116346359253,,,,,,,
7,,2799,2800,2.8369833835618574,22.69586706849486,22400,54695.23332928307,,,,,,,,,
7,,2799,,,,,,,0.3220955729484558,,,,,,,
7,,2849,2850,2.848937314559328,22.791498516474626,22800,54712.806652683765,,,,,,,,,
7,,2849,,,,,,,0.3295108675956726,,,,,,,
7,,2899,2900,2.8459405740305224,22.76752459224418,23200,54730.37181649171,,,,,,,,,
7,,2899,,,,,,,0.25221890211105347,,,,,,,
7,,2949,2950,2.8250439811920347,22.600351849536278,23600,54748.20032838732,,,,,,,,,
7,,2949,,,,,,,0.43157270550727844,,,,,,,
7,,2967,,,,,,0.3894846737384796,,,,,,,,
8,,2999,3000,2.6787419108587938,21.42993528687035,24000,54767.7070963867,,,,,,,,,
8,,2999,,,,,,,0.3258777856826782,,,,,,,
8,,3049,3050,2.6956148424229536,21.56491873938363,24400,54785.28933348693,,,,,,,,,
8,,3049,,,,,,,0.43174970149993896,,,,,,,
8,,3099,3100,2.847679261442478,22.781434091539825,24800,54802.821003383026,,,,,,,,,
8,,3099,,,,,,,0.35923129320144653,,,,,,,
8,,3149,3150,2.861583545502417,22.892668364019336,25200,54820.25600167923,,,,,,,,,
8,,3149,,,,,,,0.3062300384044647,,,,,,,
8,,3199,3200,2.869021068528788,22.952168548230304,25600,54837.675970006734,,,,,,,,,
8,,3199,,,,,,,0.33509230613708496,,,,,,,
8,,3249,3250,2.884298829148755,23.07439063319004,26000,54854.94480436295,,,,,,,,,
8,,3249,,,,,,,0.45059990882873535,,,,,,,
8,,3299,3300,2.901280855094518,23.210246840756145,26400,54872.14246031828,,,,,,,,,
8,,3299,,,,,,,0.6040251851081848,,,,,,,
8,,3338,,,,,,0.3885686695575714,,,,,,,,
9,,3349,3350,2.7160909005360456,21.728727204288365,26800,54891.73940631002,,,,,,,,,
9,,3349,,,,,,,0.3900432884693146,,,,,,,
9,,3399,3400,2.7168047390882206,21.734437912705765,27200,54908.92759188637,,,,,,,,,
9,,3399,,,,,,,0.34437263011932373,,,,,,,
9,,3449,3450,2.9090636488617836,23.27250919089427,27600,54926.135878434405,,,,,,,,,
9,,3449,,,,,,,0.3529987037181854,,,,,,,
9,,3499,3500,2.910377613216386,23.28302090573109,28000,54943.313019501045,,,,,,,,,
9,,3499,,,,,,,0.4009104073047638,,,,,,,
9,,3549,3550,2.9162493820800433,23.329995056640346,28400,54960.44327499345,,,,,,,,,
9,,3549,,,,,,,0.40814897418022156,,,,,,,
9,,3599,3600,2.911589050249639,23.29271240199711,28800,54977.662559654564,,,,,,,,,
9,,3599,,,,,,,0.5528866052627563,,,,,,,
9,,3649,3650,2.9056632246171152,23.245305796936922,29200,54994.86804352701,,,,,,,,,
9,,3649,,,,,,,0.3026706874370575,,,,,,,
9,,3699,3700,2.9051199906791063,23.24095992543285,29600,55012.10300023481,,,,,,,,,
9,,3699,,,,,,,0.28510499000549316,,,,,,,
,,500,,,,,,,,,0.5227016806602478,,,,,
,,501,,,,,,,,,0.392213374376297,,,,,
,,502,,,,,,,,,0.46535101532936096,,,,,
,,503,,,,,,,,,0.5800274014472961,,,,,
,,504,,,,,,,,,0.7788046002388,,,,,
,,505,,,,,,,,,0.5357904434204102,,,,,
,,506,,,,,,,,,0.42240554094314575,,,,,
,,507,,,,,,,,,0.644865095615387,,,,,
,,508,,,,,,,,,0.5745620727539062,,,,,
,,509,,,,,,,,,0.5200017094612122,,,,,
,,510,,,,,,,,,0.4523608684539795,,,,,
,,511,,,,,,,,,0.8061735033988953,,,,,
,,512,,,,,,,,,0.4362538158893585,,,,,
,,513,,,,,,,,,0.6075228452682495,,,,,
,,514,,,,,,,,,1.004696249961853,,,,,
,,515,,,,,,,,,0.5935525894165039,,,,,
,,516,,,,,,,,,0.4459093511104584,,,,,
,,517,,,,,,,,,0.548001766204834,,,,,
,,518,,,,,,,,,0.7044824361801147,,,,,
,,519,,,,,,,,,0.7921577095985413,,,,,
,,520,,,,,,,,,0.5563496351242065,,,,,
,,521,,,,,,,,,1.594699740409851,,,,,
,,522,,,,,,,,,0.9864400029182434,,,,,
,,523,,,,,,,,,0.9097150564193726,,,,,
,,524,,,,,,,,,1.821635127067566,,,,,
,,525,,,,,,,,,0.8688583374023438,,,,,
,,526,,,,,,,,,0.6943257451057434,,,,,
,,527,,,,,,,,,0.8724079132080078,,,,,
,,528,,,,,,,,,1.2458499670028687,,,,,
,,529,,,,,,,,,0.8173915147781372,,,,,
,,530,,,,,,,,,0.6963145732879639,,,,,
,,531,,,,,,,,,0.6887468695640564,,,,,
,,532,,,,,,,,,0.8049283027648926,,,,,
,,533,,,,,,,,,0.6593800783157349,,,,,
,,534,,,,,,,,,0.49028342962265015,,,,,
,,535,,,,,,,,,1.1586356163024902,,,,,
,,536,,,,,,,,,0.5466410517692566,,,,,
,,537,,,,,,,,,1.0061589479446411,,,,,
,,538,,,,,,,,,0.8342002034187317,,,,,
,,539,,,,,,,,,0.379141628742218,,,,,
,,540,,,,,,,,,0.7626465559005737,,,,,
,,541,,,,,,,,,0.46155187487602234,,,,,
,,542,,,,,,,,,0.4257914125919342,,,,,
,,543,,,,,,,,,0.6214567422866821,,,,,
,,544,,,,,,,,,0.5529433488845825,,,,,
,,545,,,,,,,,,0.5807375311851501,,,,,
,,546,,,,,,,,,0.7739163637161255,,,,,
,,547,,,,,,,,,0.3106396496295929,,,,,
,,548,,,,,,,,,0.5618543028831482,,,,,
,,50,,,,,,,,,,50,,,50,10.524569761008024
,,549,,,,,,,,,0.430404931306839,,,,,
,,550,,,,,,,,,0.5534693598747253,,,,,
,,551,,,,,,,,,1.1563957929611206,,,,,
,,552,,,,,,,,,0.9709993600845337,,,,,
,,553,,,,,,,,,0.8960635662078857,,,,,
,,554,,,,,,,,,0.7319046854972839,,,,,
,,555,,,,,,,,,0.7569252848625183,,,,,
,,556,,,,,,,,,0.5039549469947815,,,,,
,,557,,,,,,,,,0.5402398705482483,,,,,
,,558,,,,,,,,,0.7394981384277344,,,,,
,,559,,,,,,,,,0.6852555274963379,,,,,
,,560,,,,,,,,,1.068163514137268,,,,,
,,561,,,,,,,,,1.1892520189285278,,,,,
,,562,,,,,,,,,0.8611394166946411,,,,,
,,563,,,,,,,,,0.8655899167060852,,,,,
,,564,,,,,,,,,1.13681161403656,,,,,
,,565,,,,,,,,,0.6655574440956116,,,,,
,,566,,,,,,,,,0.9469984173774719,,,,,
,,567,,,,,,,,,1.2989790439605713,,,,,
,,568,,,,,,,,,0.8420292735099792,,,,,
,,569,,,,,,,,,0.463663786649704,,,,,
,,570,,,,,,,,,0.6089475750923157,,,,,
,,571,,,,,,,,,0.37802231311798096,,,,,
,,572,,,,,,,,,0.49293404817581177,,,,,
,,573,,,,,,,,,0.26140058040618896,,,,,
,,574,,,,,,,,,0.8072102665901184,,,,,
,,575,,,,,,,,,0.8633022904396057,,,,,
,,576,,,,,,,,,0.4976862668991089,,,,,
,,577,,,,,,,,,0.5694651007652283,,,,,
,,578,,,,,,,,,0.9408425092697144,,,,,
,,579,,,,,,,,,0.9202135801315308,,,,,
,,580,,,,,,,,,0.7801983952522278,,,,,
,,581,,,,,,,,,0.639836847782135,,,,,
,,582,,,,,,,,,0.6757490634918213,,,,,
,,583,,,,,,,,,1.4206950664520264,,,,,
,,584,,,,,,,,,2.2066454887390137,,,,,
,,585,,,,,,,,,0.6023949980735779,,,,,
,,586,,,,,,,,,0.7681213021278381,,,,,
,,587,,,,,,,,,0.5412026643753052,,,,,
,,588,,,,,,,,,1.2943058013916016,,,,,
,,589,,,,,,,,,0.7469809651374817,,,,,
,,590,,,,,,,,,0.7737517952919006,,,,,
,,591,,,,,,,,,1.3039470911026,,,,,
,,592,,,,,,,,,0.45188722014427185,,,,,
,,593,,,,,,,,,0.3774462342262268,,,,,
,,594,,,,,,,,,0.5950055122375488,,,,,
,,595,,,,,,,,,0.6469630002975464,,,,,
,,596,,,,,,,,,1.0568861961364746,,,,,
,,597,,,,,,,,,0.6475417017936707,,,,,
,,598,,,,,,,,,0.8582255840301514,,,,,
,,100,,,,,,,,,,100,4.686400110795174,4.686400110795174,100,21.623592203482985
,,599,,,,,,,,,1.175317406654358,,,,,
,,600,,,,,,,,,2.2317166328430176,,,,,
,,601,,,,,,,,,0.8805833458900452,,,,,
,,602,,,,,,,,,0.9544271230697632,,,,,
,,603,,,,,,,,,0.745720624923706,,,,,
,,604,,,,,,,,,0.6154969930648804,,,,,
,,605,,,,,,,,,0.37392303347587585,,,,,
,,606,,,,,,,,,0.5092336535453796,,,,,
,,607,,,,,,,,,0.7174971699714661,,,,,
,,608,,,,,,,,,0.7702642679214478,,,,,
,,609,,,,,,,,,0.9921218752861023,,,,,
,,610,,,,,,,,,0.6722789406776428,,,,,
,,611,,,,,,,,,0.7245574593544006,,,,,
,,612,,,,,,,,,0.5375919342041016,,,,,
,,613,,,,,,,,,0.8805689811706543,,,,,
,,614,,,,,,,,,0.5261676907539368,,,,,
,,615,,,,,,,,,0.5665166974067688,,,,,
,,616,,,,,,,,,0.7685484886169434,,,,,
,,617,,,,,,,,,0.6503281593322754,,,,,
,,618,,,,,,,,,1.1538152694702148,,,,,
,,619,,,,,,,,,1.091560959815979,,,,,
,,620,,,,,,,,,0.5803726315498352,,,,,
,,621,,,,,,,,,0.5289245843887329,,,,,
,,622,,,,,,,,,0.523945689201355,,,,,
,,623,,,,,,,,,0.6998027563095093,,,,,
,,624,,,,,,,,,1.4043514728546143,,,,,
,,625,,,,,,,,,0.8123399019241333,,,,,
,,626,,,,,,,,,0.7433250546455383,,,,,
,,627,,,,,,,,,0.3673988878726959,,,,,
,,628,,,,,,,,,0.7161387205123901,,,,,
,,629,,,,,,,,,0.371176540851593,,,,,
,,630,,,,,,,,,0.6378896236419678,,,,,
,,631,,,,,,,,,0.45525357127189636,,,,,
,,632,,,,,,,,,0.33886104822158813,,,,,
,,633,,,,,,,,,0.5571560263633728,,,,,
,,634,,,,,,,,,0.8080637454986572,,,,,
,,635,,,,,,,,,0.613959550857544,,,,,
,,636,,,,,,,,,0.45466917753219604,,,,,
,,637,,,,,,,,,1.7957414388656616,,,,,
,,638,,,,,,,,,0.9672054052352905,,,,,
,,639,,,,,,,,,0.5730811357498169,,,,,
,,640,,,,,,,,,0.8655288219451904,,,,,
,,641,,,,,,,,,0.49229395389556885,,,,,
,,642,,,,,,,,,0.4294818043708801,,,,,
,,643,,,,,,,,,0.5599799752235413,,,,,
,,644,,,,,,,,,0.7431644797325134,,,,,
,,645,,,,,,,,,0.856721043586731,,,,,
,,646,,,,,,,,,0.3692573606967926,,,,,
,,647,,,,,,,,,0.41638654470443726,,,,,
,,648,,,,,,,,,0.9321894645690918,,,,,
,,150,,,,,,,,,,150,4.593134427729001,4.593134427729001,150,32.25936994329095
,,649,,,,,,,,,0.4990989565849304,,,,,
,,650,,,,,,,,,0.5857367515563965,,,,,
,,651,,,,,,,,,0.7010137438774109,,,,,
,,652,,,,,,,,,0.8236466646194458,,,,,
,,653,,,,,,,,,0.4673210084438324,,,,,
,,654,,,,,,,,,1.1700701713562012,,,,,
,,655,,,,,,,,,0.48481234908103943,,,,,
,,656,,,,,,,,,0.8310787677764893,,,,,
,,657,,,,,,,,,0.9456312656402588,,,,,
,,658,,,,,,,,,0.5440524816513062,,,,,
,,659,,,,,,,,,0.6147196292877197,,,,,
,,660,,,,,,,,,0.864899218082428,,,,,
,,661,,,,,,,,,0.870931088924408,,,,,
,,662,,,,,,,,,0.6652218103408813,,,,,
,,663,,,,,,,,,0.9925400018692017,,,,,
,,664,,,,,,,,,0.4376162886619568,,,,,
,,665,,,,,,,,,0.4984923303127289,,,,,
,,666,,,,,,,,,0.43692612648010254,,,,,
,,667,,,,,,,,,0.47938865423202515,,,,,
,,668,,,,,,,,,0.8001618385314941,,,,,
,,669,,,,,,,,,0.6359601020812988,,,,,
,,670,,,,,,,,,0.4321645200252533,,,,,
,,671,,,,,,,,,0.9682910442352295,,,,,
,,672,,,,,,,,,0.4983624219894409,,,,,
,,673,,,,,,,,,0.5045848488807678,,,,,
,,674,,,,,,,,,1.3127299547195435,,,,,
,,675,,,,,,,,,1.150891900062561,,,,,
,,676,,,,,,,,,1.0263346433639526,,,,,
,,677,,,,,,,,,1.5592260360717773,,,,,
,,678,,,,,,,,,1.2398215532302856,,,,,
,,679,,,,,,,,,0.5056823492050171,,,,,
,,680,,,,,,,,,0.4630056321620941,,,,,
,,681,,,,,,,,,0.39206886291503906,,,,,
,,682,,,,,,,,,0.3369409441947937,,,,,
,,683,,,,,,,,,0.270866334438324,,,,,
,,684,,,,,,,,,0.8618728518486023,,,,,
,,685,,,,,,,,,1.2566425800323486,,,,,
,,686,,,,,,,,,0.4785172641277313,,,,,
,,687,,,,,,,,,0.7372859716415405,,,,,
,,688,,,,,,,,,0.624446451663971,,,,,
,,689,,,,,,,,,0.45228442549705505,,,,,
,,690,,,,,,,,,0.5266180038452148,,,,,
,,691,,,,,,,,,0.7442156076431274,,,,,
,,692,,,,,,,,,0.949530303478241,,,,,
,,693,,,,,,,,,0.9740148782730103,,,,,
,,694,,,,,,,,,0.9091368913650513,,,,,
,,695,,,,,,,,,0.8001146912574768,,,,,
,,696,,,,,,,,,0.5128166079521179,,,,,
,,697,,,,,,,,,0.5615715384483337,,,,,
,,698,,,,,,,,,0.4256751537322998,,,,,
,,200,,,,,,,,,,200,4.726239277112422,4.726239277112422,200,42.82066375203431
,,699,,,,,,,,,0.6484997272491455,,,,,
,,700,,,,,,,,,1.0786986351013184,,,,,
,,701,,,,,,,,,0.5763786435127258,,,,,
,,702,,,,,,,,,0.43917161226272583,,,,,
,,703,,,,,,,,,0.4138964116573334,,,,,
,,704,,,,,,,,,0.4016002416610718,,,,,
,,705,,,,,,,,,0.5977380871772766,,,,,
,,706,,,,,,,,,0.6221448183059692,,,,,
,,707,,,,,,,,,0.7231491208076477,,,,,
,,708,,,,,,,,,0.3513947129249573,,,,,
,,709,,,,,,,,,0.3506823182106018,,,,,
,,710,,,,,,,,,0.5683238506317139,,,,,
,,711,,,,,,,,,0.8522021770477295,,,,,
,,712,,,,,,,,,0.7317783832550049,,,,,
,,713,,,,,,,,,0.5549776554107666,,,,,
,,714,,,,,,,,,0.5327351689338684,,,,,
,,715,,,,,,,,,0.3706478178501129,,,,,
,,716,,,,,,,,,0.2931969463825226,,,,,
,,717,,,,,,,,,0.6753363013267517,,,,,
,,718,,,,,,,,,0.4637840688228607,,,,,
,,719,,,,,,,,,0.7520297765731812,,,,,
,,720,,,,,,,,,0.9718431830406189,,,,,
,,721,,,,,,,,,0.43601754307746887,,,,,
,,722,,,,,,,,,0.2773064374923706,,,,,
,,723,,,,,,,,,0.368267297744751,,,,,
,,724,,,,,,,,,0.2812436521053314,,,,,
,,725,,,,,,,,,0.35788047313690186,,,,,
,,726,,,,,,,,,0.6703889966011047,,,,,
,,727,,,,,,,,,0.4535285532474518,,,,,
,,728,,,,,,,,,1.6937118768692017,,,,,
,,729,,,,,,,,,0.9769986271858215,,,,,
,,730,,,,,,,,,1.2181050777435303,,,,,
,,731,,,,,,,,,0.8472395539283752,,,,,
,,732,,,,,,,,,0.5320331454277039,,,,,
,,733,,,,,,,,,0.47251468896865845,,,,,
,,734,,,,,,,,,0.6787000298500061,,,,,
,,735,,,,,,,,,0.4735482633113861,,,,,
,,736,,,,,,,,,0.5669693350791931,,,,,
,,737,,,,,,,,,0.3018668591976166,,,,,
,,738,,,,,,,,,0.7596830725669861,,,,,
,,739,,,,,,,,,0.7462477087974548,,,,,
,,740,,,,,,,,,1.0358012914657593,,,,,
,,741,,,,,,,,,0.33540937304496765,,,,,
,,742,,,,,,,,,0.48628249764442444,,,,,
,,743,,,,,,,,,0.18627357482910156,,,,,
,,744,,,,,,,,,0.47962912917137146,,,,,
,,745,,,,,,,,,0.5534900426864624,,,,,
,,746,,,,,,,,,0.44757765531539917,,,,,
,,747,,,,,,,,,1.1709016561508179,,,,,
,,748,,,,,,,,,0.5453653931617737,,,,,
,,250,,,,,,,,,,250,4.791959486736398,4.791959486736398,250,53.17725554853678
,,749,,,,,,,,,0.5471757650375366,,,,,
,,750,,,,,,,,,0.38902372121810913,,,,,
,,751,,,,,,,,,0.36608776450157166,,,,,
,,752,,,,,,,,,0.8492202758789062,,,,,
,,753,,,,,,,,,0.5627683401107788,,,,,
,,754,,,,,,,,,0.34135112166404724,,,,,
,,755,,,,,,,,,0.39927756786346436,,,,,
,,756,,,,,,,,,0.6164032220840454,,,,,
,,757,,,,,,,,,1.140546441078186,,,,,
,,758,,,,,,,,,0.5189204812049866,,,,,
,,759,,,,,,,,,0.4817394018173218,,,,,
,,760,,,,,,,,,0.4743630886077881,,,,,
,,761,,,,,,,,,0.8843221664428711,,,,,
,,762,,,,,,,,,1.4012842178344727,,,,,
,,763,,,,,,,,,0.6287200450897217,,,,,
,,764,,,,,,,,,0.5599568486213684,,,,,
,,765,,,,,,,,,0.38280999660491943,,,,,
,,766,,,,,,,,,0.38626283407211304,,,,,
,,767,,,,,,,,,0.41044917702674866,,,,,
,,768,,,,,,,,,1.607814073562622,,,,,
,,769,,,,,,,,,0.6348770260810852,,,,,
,,770,,,,,,,,,0.5225962400436401,,,,,
,,771,,,,,,,,,0.33845254778862,,,,,
,,772,,,,,,,,,0.3549484312534332,,,,,
,,773,,,,,,,,,0.48435524106025696,,,,,
,,774,,,,,,,,,0.3252262771129608,,,,,
,,775,,,,,,,,,0.33621886372566223,,,,,
,,776,,,,,,,,,0.9507974982261658,,,,,
,,777,,,,,,,,,0.9719400405883789,,,,,
,,778,,,,,,,,,1.3864970207214355,,,,,
,,779,,,,,,,,,0.8012263178825378,,,,,
,,780,,,,,,,,,0.6100391745567322,,,,,
,,781,,,,,,,,,1.2063243389129639,,,,,
,,782,,,,,,,,,0.5106415152549744,,,,,
,,783,,,,,,,,,1.1829781532287598,,,,,
,,784,,,,,,,,,0.38926583528518677,,,,,
,,785,,,,,,,,,0.6315257549285889,,,,,
,,786,,,,,,,,,0.11859043687582016,,,,,
,,787,,,,,,,,,0.375627338886261,,,,,
,,788,,,,,,,,,0.26663631200790405,,,,,
,,789,,,,,,,,,0.5005984902381897,,,,,
,,790,,,,,,,,,0.7944228649139404,,,,,
,,791,,,,,,,,,0.6353772282600403,,,,,
,,792,,,,,,,,,0.3708120286464691,,,,,
,,793,,,,,,,,,0.8074962496757507,,,,,
,,794,,,,,,,,,0.8821585774421692,,,,,
,,795,,,,,,,,,0.3399161994457245,,,,,
,,796,,,,,,,,,1.3049441576004028,,,,,
,,797,,,,,,,,,0.6402903199195862,,,,,
,,798,,,,,,,,,1.4322699308395386,,,,,
,,300,,,,,,,,,,300,4.938373861342279,4.938373861342279,300,63.056674448773265
,,799,,,,,,,,,0.16197596490383148,,,,,
,,800,,,,,,,,,0.860508143901825,,,,,
,,801,,,,,,,,,0.5370458364486694,,,,,
,,802,,,,,,,,,0.5910544991493225,,,,,
,,803,,,,,,,,,0.4977858066558838,,,,,
,,804,,,,,,,,,0.45100346207618713,,,,,
,,805,,,,,,,,,0.3940736949443817,,,,,
,,806,,,,,,,,,0.3181777000427246,,,,,
,,807,,,,,,,,,0.0955033153295517,,,,,
,,808,,,,,,,,,0.4543400704860687,,,,,
,,809,,,,,,,,,0.7347174286842346,,,,,
,,810,,,,,,,,,0.9031675457954407,,,,,
,,811,,,,,,,,,0.3792354166507721,,,,,
,,812,,,,,,,,,2.489454746246338,,,,,
,,813,,,,,,,,,1.1413646936416626,,,,,
,,814,,,,,,,,,2.63920521736145,,,,,
,,815,,,,,,,,,0.9040585160255432,,,,,
,,816,,,,,,,,,0.09351205080747604,,,,,
,,817,,,,,,,,,0.5748565196990967,,,,,
,,818,,,,,,,,,0.7479477524757385,,,,,
,,819,,,,,,,,,1.2780802249908447,,,,,
,,820,,,,,,,,,0.830857515335083,,,,,
,,821,,,,,,,,,0.6118350028991699,,,,,
,,822,,,,,,,,,0.7701764702796936,,,,,
,,823,,,,,,,,,0.6185832023620605,,,,,
,,824,,,,,,,,,0.9328194260597229,,,,,
,,825,,,,,,,,,0.48758071660995483,,,,,
,,826,,,,,,,,,0.5273925065994263,,,,,
,,827,,,,,,,,,0.2762276828289032,,,,,
,,828,,,,,,,,,0.39230674505233765,,,,,
,,829,,,,,,,,,0.28055718541145325,,,,,
,,830,,,,,,,,,0.4546801447868347,,,,,
,,831,,,,,,,,,0.36350587010383606,,,,,
,,832,,,,,,,,,0.4395896792411804,,,,,
,,833,,,,,,,,,0.46234413981437683,,,,,
,,834,,,,,,,,,0.280162513256073,,,,,
,,835,,,,,,,,,0.4584950804710388,,,,,
,,836,,,,,,,,,0.4541235864162445,,,,,
,,837,,,,,,,,,0.26342302560806274,,,,,
,,838,,,,,,,,,0.5220973491668701,,,,,
,,839,,,,,,,,,0.28514549136161804,,,,,
,,840,,,,,,,,,0.21943171322345734,,,,,
,,841,,,,,,,,,0.25725382566452026,,,,,
,,842,,,,,,,,,0.2142111212015152,,,,,
,,843,,,,,,,,,0.26314735412597656,,,,,
,,844,,,,,,,,,0.3626032769680023,,,,,
,,845,,,,,,,,,0.37951308488845825,,,,,
,,846,,,,,,,,,0.2602880895137787,,,,,
,,847,,,,,,,,,0.3619387745857239,,,,,
,,848,,,,,,,,,0.3305380046367645,,,,,
,,350,,,,,,,,,,350,4.955619271054387,4.955619271054387,350,73.40262305550277
,,849,,,,,,,,,0.3192233443260193,,,,,
,,850,,,,,,,,,0.2764667272567749,,,,,
,,851,,,,,,,,,0.2094218134880066,,,,,
,,852,,,,,,,,,0.7713114023208618,,,,,
,,853,,,,,,,,,0.252437025308609,,,,,
,,854,,,,,,,,,0.22264021635055542,,,,,
,,855,,,,,,,,,0.3432060480117798,,,,,
,,856,,,,,,,,,0.38522690534591675,,,,,
,,857,,,,,,,,,0.3180481195449829,,,,,
,,858,,,,,,,,,0.43389272689819336,,,,,
,,859,,,,,,,,,0.27992764115333557,,,,,
,,860,,,,,,,,,1.120834231376648,,,,,
,,861,,,,,,,,,0.34067994356155396,,,,,
,,862,,,,,,,,,0.2435287982225418,,,,,
,,863,,,,,,,,,0.17263150215148926,,,,,
,,864,,,,,,,,,0.6552068591117859,,,,,
,,865,,,,,,,,,0.2771466374397278,,,,,
,,866,,,,,,,,,0.579332172870636,,,,,
,,867,,,,,,,,,0.4455179274082184,,,,,
,,868,,,,,,,,,0.3864035904407501,,,,,
,,869,,,,,,,,,0.3019765615463257,,,,,
,,870,,,,,,,,,0.43318668007850647,,,,,
,,871,,,,,,,,,0.27367252111434937,,,,,
,,872,,,,,,,,,0.7284026145935059,,,,,
,,873,,,,,,,,,0.37040606141090393,,,,,
,,874,,,,,,,,,0.4423600137233734,,,,,
,,875,,,,,,,,,0.2888086438179016,,,,,
,,876,,,,,,,,,0.2397906482219696,,,,,
,,877,,,,,,,,,0.4762990176677704,,,,,
,,878,,,,,,,,,0.3960268795490265,,,,,
,,879,,,,,,,,,0.4082601070404053,,,,,
,,880,,,,,,,,,0.2700228989124298,,,,,
,,881,,,,,,,,,0.4733192026615143,,,,,
,,882,,,,,,,,,0.35041967034339905,,,,,
,,883,,,,,,,,,0.44932758808135986,,,,,
,,884,,,,,,,,,0.19601884484291077,,,,,
,,885,,,,,,,,,0.6933379173278809,,,,,
,,886,,,,,,,,,0.47033917903900146,,,,,
,,887,,,,,,,,,0.40107622742652893,,,,,
,,888,,,,,,,,,0.36614370346069336,,,,,
,,889,,,,,,,,,0.8167887926101685,,,,,
,,890,,,,,,,,,0.5496168732643127,,,,,
,,891,,,,,,,,,0.5640574097633362,,,,,
,,892,,,,,,,,,0.20123375952243805,,,,,
,,893,,,,,,,,,0.16359971463680267,,,,,
,,894,,,,,,,,,0.36653822660446167,,,,,
,,895,,,,,,,,,0.34861230850219727,,,,,
,,896,,,,,,,,,0.41171181201934814,,,,,
,,897,,,,,,,,,0.24626697599887848,,,,,
,,898,,,,,,,,,0.38190191984176636,,,,,
,,400,,,,,,,,,,400,4.947512448287435,4.947512448287435,400,83.53632386773825
,,899,,,,,,,,,0.17466573417186737,,,,,
,,900,,,,,,,,,0.3142956495285034,,,,,
,,901,,,,,,,,,0.11704256385564804,,,,,
,,902,,,,,,,,,0.30079665780067444,,,,,
,,903,,,,,,,,,0.4271516501903534,,,,,
,,904,,,,,,,,,0.525766909122467,,,,,
,,905,,,,,,,,,0.24364955723285675,,,,,
,,906,,,,,,,,,0.3166358768939972,,,,,
,,907,,,,,,,,,0.4501853287220001,,,,,
,,908,,,,,,,,,0.5033611059188843,,,,,
,,909,,,,,,,,,0.486078679561615,,,,,
,,910,,,,,,,,,0.42785629630088806,,,,,
,,911,,,,,,,,,0.427140474319458,,,,,
,,912,,,,,,,,,0.37132197618484497,,,,,
,,913,,,,,,,,,0.16741856932640076,,,,,
,,914,,,,,,,,,0.3546348810195923,,,,,
,,915,,,,,,,,,0.27394139766693115,,,,,
,,916,,,,,,,,,0.32607313990592957,,,,,
,,917,,,,,,,,,0.5533283352851868,,,,,
,,918,,,,,,,,,0.19612537324428558,,,,,
,,919,,,,,,,,,0.29914772510528564,,,,,
,,920,,,,,,,,,0.38507184386253357,,,,,
,,921,,,,,,,,,0.47192007303237915,,,,,
,,922,,,,,,,,,0.21990132331848145,,,,,
,,923,,,,,,,,,0.5870403051376343,,,,,
,,924,,,,,,,,,0.5568385124206543,,,,,
,,925,,,,,,,,,0.3514905571937561,,,,,
,,926,,,,,,,,,0.23533602058887482,,,,,
,,927,,,,,,,,,0.3544277548789978,,,,,
,,928,,,,,,,,,0.37356212735176086,,,,,
,,929,,,,,,,,,0.31610411405563354,,,,,
,,930,,,,,,,,,0.31012484431266785,,,,,
,,931,,,,,,,,,0.46729180216789246,,,,,
,,932,,,,,,,,,0.3443676233291626,,,,,
,,933,,,,,,,,,0.2678692638874054,,,,,
,,934,,,,,,,,,0.2908453643321991,,,,,
,,935,,,,,,,,,0.3552909195423126,,,,,
,,936,,,,,,,,,0.29174599051475525,,,,,
,,937,,,,,,,,,0.2952578663825989,,,,,
,,938,,,,,,,,,0.6298726797103882,,,,,
,,939,,,,,,,,,0.3413029611110687,,,,,
,,940,,,,,,,,,0.4620586931705475,,,,,
,,941,,,,,,,,,0.2450193613767624,,,,,
,,942,,,,,,,,,0.5162217617034912,,,,,
,,943,,,,,,,,,0.2545585632324219,,,,,
,,944,,,,,,,,,0.17365016043186188,,,,,
,,945,,,,,,,,,0.8754013776779175,,,,,
,,946,,,,,,,,,0.15153221786022186,,,,,
,,947,,,,,,,,,0.27203619480133057,,,,,
,,948,,,,,,,,,0.2741653025150299,,,,,
,,450,,,,,,,,,,450,4.860857621683433,4.860857621683433,450,94.01142225973308
,,949,,,,,,,,,0.3987104594707489,,,,,
,,950,,,,,,,,,0.3103512227535248,,,,,
,,951,,,,,,,,,0.9495843052864075,,,,,
,,952,,,,,,,,,0.43763723969459534,,,,,
,,953,,,,,,,,,0.5065654516220093,,,,,
,,954,,,,,,,,,0.8942626714706421,,,,,
,,955,,,,,,,,,0.3467633128166199,,,,,
,,956,,,,,,,,,0.7943335175514221,,,,,
,,957,,,,,,,,,0.41825512051582336,,,,,
,,958,,,,,,,,,0.4788934290409088,,,,,
,,959,,,,,,,,,0.5320798754692078,,,,,
,,960,,,,,,,,,0.6759228706359863,,,,,
,,961,,,,,,,,,0.2852516770362854,,,,,
,,962,,,,,,,,,0.3659133315086365,,,,,
,,963,,,,,,,,,0.33723580837249756,,,,,
,,964,,,,,,,,,0.5540504455566406,,,,,
,,965,,,,,,,,,0.7125402092933655,,,,,
,,966,,,,,,,,,0.41952720284461975,,,,,
,,967,,,,,,,,,0.632614016532898,,,,,
,,968,,,,,,,,,0.5564146637916565,,,,,
,,969,,,,,,,,,0.37196457386016846,,,,,
,,970,,,,,,,,,0.3236737549304962,,,,,
,,971,,,,,,,,,0.32062408328056335,,,,,
,,972,,,,,,,,,0.19980010390281677,,,,,
,,973,,,,,,,,,0.27365678548812866,,,,,
,,974,,,,,,,,,0.2782377600669861,,,,,
,,975,,,,,,,,,0.24103841185569763,,,,,
,,976,,,,,,,,,0.4396200180053711,,,,,
,,977,,,,,,,,,0.29782769083976746,,,,,
,,978,,,,,,,,,0.3405202329158783,,,,,
,,979,,,,,,,,,0.3059617280960083,,,,,
,,980,,,,,,,,,0.5817438364028931,,,,,
,,981,,,,,,,,,0.37184226512908936,,,,,
,,982,,,,,,,,,0.44441020488739014,,,,,
,,983,,,,,,,,,0.36162468791007996,,,,,
,,984,,,,,,,,,0.25968432426452637,,,,,
,,985,,,,,,,,,1.2066371440887451,,,,,
,,986,,,,,,,,,0.37718141078948975,,,,,
,,987,,,,,,,,,0.42523711919784546,,,,,
,,988,,,,,,,,,0.26599055528640747,,,,,
,,989,,,,,,,,,0.4213581085205078,,,,,
,,990,,,,,,,,,0.5364554524421692,,,,,
,,991,,,,,,,,,0.26730823516845703,,,,,
,,992,,,,,,,,,0.30866795778274536,,,,,
,,993,,,,,,,,,0.7566192150115967,,,,,
,,994,,,,,,,,,0.32356682419776917,,,,,
,,995,,,,,,,,,0.28883621096611023,,,,,
,,996,,,,,,,,,0.2886533737182617,,,,,
,,997,,,,,,,,,0.4358077943325043,,,,,
,,998,,,,,,,,,0.4561861455440521,,,,,
,,500,,,,,,,,,,500,4.822877065652598,4.822877065652598,500,104.25798936374485
,,999,,,,,,,,,0.24046999216079712,,,,,
9,0.31584975123405457,3709,,,,,,,,0.6003297567367554,,,,,,
9,,3709,,,,,,0.3746265769004822,,,,,,,,
10,,3749,3750,1.821341750924158e-05,0.00014570734007393263,30000,5490548.42294536,,,,,,,,,
10,,3749,,,,,,,0.3740757405757904,,,,,,,
10,,3799,3800,1.8213418414238898e-05,0.00014570734731391118,30400,5490565.386762055,,,,,,,,,
10,,3799,,,,,,,0.3082725703716278,,,,,,,
10,,3849,3850,2.9298657746034578,23.438926196827662,30800,5490582.552453527,,,,,,,,,
10,,3849,,,,,,,0.307173490524292,,,,,,,
10,,3899,3900,2.918383809843013,23.347070478744104,31200,5490599.654520802,,,,,,,,,
10,,3899,,,,,,,0.3436046540737152,,,,,,,
10,,3949,3950,2.9231977413108847,23.385581930487078,31600,5490616.760680525,,,,,,,,,
10,,3949,,,,,,,0.31841352581977844,,,,,,,
10,,3999,4000,2.9143477214157114,23.31478177132569,32000,5490633.981518833,,,,,,,,,
10,,3999,,,,,,,0.4256349503993988,,,,,,,
10,,4049,4050,2.9136866250072377,23.309493000057902,32400,5490651.090703394,,,,,,,,,
10,,4049,,,,,,,0.39027583599090576,,,,,,,
10,,4080,,,,,,0.36173123121261597,,,,,,,,
11,,4099,4100,2.7444665930758685,21.955732744606948,32800,5490670.400055634,,,,,,,,,
11,,4099,,,,,,,0.26406553387641907,,,,,,,
11,,4149,4150,2.736847223678797,21.894777789430375,33200,5490687.613676274,,,,,,,,,
11,,4149,,,,,,,0.3336702883243561,,,,,,,
11,,4199,4200,2.9092262646943525,23.27381011755482,33600,5490704.780014209,,,,,,,,,
11,,4199,,,,,,,0.3956229090690613,,,,,,,
11,,4249,4250,2.910895528782742,23.287164230261936,34000,5490721.968677593,,,,,,,,,
11,,4249,,,,,,,0.3763824701309204,,,,,,,
11,,4299,4300,2.9138627871903258,23.310902297522606,34400,5490739.107262516,,,,,,,,,
11,,4299,,,,,,,0.27880561351776123,,,,,,,
11,,4349,4350,2.91545129498407,23.32361035987256,34800,5490756.285525214,,,,,,,,,
11,,4349,,,,,,,0.25695157051086426,,,,,,,
11,,4399,4400,2.9059120265825076,23.24729621266006,35200,5490773.519913504,,,,,,,,,
11,,4399,,,,,,,0.3414178788661957,,,,,,,
11,,4449,4450,2.9128394331328247,23.302715465062597,35600,5490790.622923756,,,,,,,,,
11,,4449,,,,,,,0.3258689045906067,,,,,,,
11,,4451,,,,,,0.3541089594364166,,,,,,,,
12,,4499,4500,2.7266316386372065,21.813053109097652,36000,5490810.189130031,,,,,,,,,
12,,4499,,,,,,,0.5685304999351501,,,,,,,
12,,4549,4550,2.717661000013868,21.741288000110945,36400,5490827.39210091,,,,,,,,,
12,,4549,,,,,,,0.3442456126213074,,,,,,,
12,,4599,4600,2.908893675165198,23.271149401321583,36800,5490844.57309773,,,,,,,,,
12,,4599,,,,,,,0.4580499231815338,,,,,,,
12,,4649,4650,2.9071657090263847,23.257325672211078,37200,5490861.792159028,,,,,,,,,
12,,4649,,,,,,,0.4310026168823242,,,,,,,
12,,4699,4700,2.9061968054695915,23.24957444375673,37600,5490878.986237638,,,,,,,,,
12,,4699,,,,,,,0.2783522307872772,,,,,,,
12,,4749,4750,2.8973051563798777,23.178441251039022,38000,5490896.310050532,,,,,,,,,
12,,4749,,,,,,,0.4065486490726471,,,,,,,
12,,4799,4800,2.8836903506315497,23.069522805052397,38400,5490913.661996184,,,,,,,,,
12,,4799,,,,,,,0.20885677635669708,,,,,,,
12,,4822,,,,,,0.341948002576828,,,,,,,,
